Workbook

Sheet ReadMe
A1: This workbook contains the Bathymetry Data for Lake Powell and Lake Mead.
A2: Bathymetry is Elevaton-Volume-Area relationships
A4: Worksheet | B4: Description
A5: Mead-Bathymetry | B5: Taken from Colorado River Simulation System (CRSS) model, 2017. Reclamation
A6: Powell-Bathymetry | B6: Taken from Bradley, D., and Collins, K. (2022). "Lake Powell 2017 Area and Capacity Tables." ENV-2021-98, Reclamation. https://doi.org/10.5066/P9O3IPG3. See also folder LakePowellNewBathymetry
A9: Calculator. Enter Elevation (peach fill) and spreadsheet will calculate Total Storage and Active Storage (grey fill).
A11: Reservoir | B11: Elevation (feet) | C11: Total Storage (maf) | D11: Active Storage (maf) | G11: Powell elevation | H11: Total Storage (maf) | I11: Active Storage (maf) | K11: Volume above 3,514
A12: Lake Powell | B12: 3514 | C12: =VLOOKUP(B12,'Powell-Bathymetry'!$B$2:$C$582,2)/1000000 -> 6.6449818 | D12: =C12-VLOOKUP(3370,'Powell-Bathymetry'!$B$2:$C$582,2)/1000000 -> 4.9329845 | G12: 3545 | H12: =VLOOKUP(G12,'Powell-Bathymetry'!$B$2:$C$582,2)/1000000 -> 8.4807889 | I12: =H12-VLOOKUP(3370,'Powell-Bathymetry'!$B$2:$C$582,2)/1000000 -> 6.7687916 | K12: =I12-I$16 -> 1.8358071
A13: Lake Mead | B13: 1000 | C13: =VLOOKUP(B$13,'Mead-Bathymetry'!$A$2:$D$673,3)/1000000 -> 6.510301 | D13: =VLOOKUP(B$13,'Mead-Bathymetry'!$A$2:$D$673,2)/1000000 -> 4.475301 | G13: 3535 | H13: =VLOOKUP(G13,'Powell-Bathymetry'!$B$2:$C$582,2)/1000000 -> 7.8504681 | I13: =H13-VLOOKUP(3370,'Powell-Bathymetry'!$B$2:$C$582,2)/1000000 -> 6.1384707 | K13: =I13-I$16 -> 1.2054863 | L13: =I13-I14 -> 0.41931774
G14: 3528 | H14: =VLOOKUP(G14,'Powell-Bathymetry'!$B$2:$C$582,2)/1000000 -> 7.4311504 | I14: =H14-VLOOKUP(3370,'Powell-Bathymetry'!$B$2:$C$582,2)/1000000 -> 5.719153 | K14: =I14-I$16 -> 0.78616855
G15: 3525 | H15: =VLOOKUP(G15,'Powell-Bathymetry'!$B$2:$C$582,2)/1000000 -> 7.2569203 | I15: =H15-VLOOKUP(3370,'Powell-Bathymetry'!$B$2:$C$582,2)/1000000 -> 5.5449229 | K15: =I15-I$16 -> 0.61193846
G16: 3514 | H16: =VLOOKUP(G16,'Powell-Bathymetry'!$B$2:$C$582,2)/1000000 -> 6.6449818 | I16: =H16-VLOOKUP(3370,'Powell-Bathymetry'!$B$2:$C$582,2)/1000000 -> 4.9329845 | K16: =I16-I$16 -> 0
G17: 3510 | H17: =VLOOKUP(G17,'Powell-Bathymetry'!$B$2:$C$582,2)/1000000 -> 6.4330618 | I17: =H17-VLOOKUP(3370,'Powell-Bathymetry'!$B$2:$C$582,2)/1000000 -> 4.7210644
G18: 3500 | H18: =VLOOKUP(G18,'Powell-Bathymetry'!$B$2:$C$582,2)/1000000 -> 5.9278025 | I18: =H18-VLOOKUP(3370,'Powell-Bathymetry'!$B$2:$C$582,2)/1000000 -> 4.2158051
G19: 3490 | H19: =VLOOKUP(G19,'Powell-Bathymetry'!$B$2:$C$582,2)/1000000 -> 5.4547115 | I19: =H19-VLOOKUP(3370,'Powell-Bathymetry'!$B$2:$C$582,2)/1000000 -> 3.7427141

Sheet Powell-Bathymetry
A1: EQ. NUMBER | B1: ELEVATION (feet) | C1: Total Storage (acre-feet) | D1: AREA (acres) | E1: RATE COEFF C | F1: CAPACITY EXP M | G1: Active Storage (acre-feet)
A2: 1 | B2: 3130 | C2: 0.275 | D2: 0.031 | E2: -0.001 | F2: 0 | G2: =C2-C$242 -> -1711997.1
A3: 2 | B3: 3131 | C3: 0.305 | D3: 0.033 | E3: 0.001 | F3: 2 | G3: =C3-C$242 -> -1711997.1
A4: 3 | B4: 3132 | C4: 0.339 | D4: 0.035 | E4: 0.354 | F4: 1.7288 | G4: =C4-C$242 -> -1711997
A5: 4 | B5: 3133 | C5: 0.728 | D5: 0.647 | E5: 0.016 | F5: 2.25 | G5: =C5-C$242 -> -1711996.6
A6: 5 | B6: 3134 | C6: 1.391 | D6: 0.683 | E6: 0.01 | F6: 2.6 | G6: =C6-C$242 -> -1711996
A7: 6 | B7: 3135 | C7: 2.084 | D7: 0.709 | E7: 0.007 | F7: 3.1429 | G7: =C7-C$242 -> -1711995.3
A8: 7 | B8: 3136 | C8: 2.8 | D8: 0.731 | E8: 0.005 | F8: 4 | G8: =C8-C$242 -> -1711994.6
A9: 8 | B9: 3137 | C9: 3.536 | D9: 0.751 | E9: 0.002 | F9: 8.5 | G9: =C9-C$242 -> -1711993.8
A10: 9 | B10: 3138 | C10: 4.289 | D10: 0.768 | E10: 0.007 | F10: 2.2857 | G10: =C10-C$242 -> -1711993.1
A11: 10 | B11: 3139 | C11: 5.064 | D11: 0.784 | E11: 0.012 | F11: 4.5833 | G11: =C11-C$242 -> -1711992.3
A12: 11 | B12: 3140 | C12: 5.86 | D12: 0.839 | E12: 0.011 | F12: 2 | G12: =C12-C$242 -> -1711991.5
A13: 12 | B13: 3141 | C13: 6.71 | D13: 0.861 | E13: -0.002 | F13: 0 | G13: =C13-C$242 -> -1711990.6
... A582: 581 | B582: 3710 | C582: 26642860 | D582: 165218.25 | E582: 350.33 | F582: 2.0118 | G582: =C582-C$242 -> 24930862

Sheet Mead-Bathymetry
A1: Elevation (ft) | B1: Active Storage (ac-ft) | C1: Total Storage (ac-ft) | D1: Area (acres) | E1: Row
A2: 895 | B2: 0 | C2: 2035000 | D2: 30172 | E2: 1
A3: 895.5 | B3: 15111 | C3: 2050111 | D3: 30270 | E3: 2
A4: 896 | B4: 30270 | C4: 2065270 | D4: 30368 | E4: 3
A5: 896.5 | B5: 45479 | C5: 2080479 | D5: 30466 | E5: 4
A6: 897 | B6: 60736 | C6: 2095736 | D6: 30564 | E6: 5
A7: 897.5 | B7: 76043 | C7: 2111043 | D7: 30662 | E7: 6
A8: 898 | B8: 91398 | C8: 2126398 | D8: 30760 | E8: 7
A9: 898.5 | B9: 106803 | C9: 2141803 | D9: 30858 | E9: 8
A10: 899 | B10: 122257 | C10: 2157257 | D10: 30956 | E10: 9
A11: 899.5 | B11: 137759 | C11: 2172759 | D11: 31054 | E11: 10
A12: 900 | B12: 153311 | C12: 2188311 | D12: 31152 | E12: 11
A13: 900.5 | B13: 168917 | C13: 2203917 | D13: 31273 | E13: 12
... A673: 1250 | B673: 30809525 | C673: 32844525 | D673: 175800 | E673: 672
